name,en-name,price,category,url
کفش پیاده روی مردانه پوما مدل SUEDE,,"1,480,000",کفش ورزشی مردانه پوما,https://www.digikala.com/product/dkp-4334233
کفش مخصوص پیاده روی مردانه کد nm 123,,"105,000",,https://www.digikala.com/product/dkp-1572994
کفش پیاده روی مردانه مدل راشل,,"57,040",,https://www.digikala.com/product/dkp-4254500
کفش پیاده روی مردانه مدل SHIELD,,"269,000",,https://www.digikala.com/product/dkp-3889168
کفش پیاده روی مردانه مدل salute23,,"177,500",,https://www.digikala.com/product/dkp-3317426
کفش پیاده روی مردانه مدل N49,,"368,000",,https://www.digikala.com/product/dkp-3511277
کفش پیاده روی مردانه مدل ارمان,,"232,750",,https://www.digikala.com/product/dkp-3547545
کفش پیاده روی مردانه کفش سعیدی مدل sa 061,,"179,550",کفش ورزشی مردانه کفش سعیدی,https://www.digikala.com/product/dkp-3651790
کفش ورزشی مردانه مدل rzai,,"99,000",,https://www.digikala.com/product/dkp-676487
کفش پیاده روی مردانه مدل SHIELD,,"285,000",,https://www.digikala.com/product/dkp-3415586
کفش پیاده روی مردانه مدل QX,,"199,500",,https://www.digikala.com/product/dkp-4307588
کفش ورزشی مردانه سه خط مشکی مدل rzai,,"91,000",,https://www.digikala.com/product/dkp-676525
کفش پیاده روی مردانه مدل QX2,,"198,500",,https://www.digikala.com/product/dkp-4307577
کفش پیاده روی مردانه مدل N48,,"368,000",,https://www.digikala.com/product/dkp-3511268
"کفش کوهنوردی مردانه سارزی مدل hilas_M.e.s,Na.r.n.j_01",,"174,000",کفش ورزشی مردانه سارزی,https://www.digikala.com/product/dkp-3765434
کفش پیاده روی مردانه کفش سعیدی مدل sa028,,"188,100",کفش ورزشی مردانه کفش سعیدی,https://www.digikala.com/product/dkp-3651478
کفش مخصوص پیاده روی مردانه مدل 98024,,"151,000",,https://www.digikala.com/product/dkp-1612283
کفش مخصوص پیاده روی مردانه کد A.S.K_Me.Se,,"149,000",,https://www.digikala.com/product/dkp-2911472
کفش مخصوص پیاده روی مردانه مدل پاتریکاس کد 5653,,"175,000",,https://www.digikala.com/product/dkp-2387166
کفش روزمره مردانه مدل CREPETRAY SKO-KH,,"1,000,000",,https://www.digikala.com/product/dkp-2322619
کفش روزمره مردانه شیفر مدل 7160A-101,Shifer 7160A-101 Casual Shoes For Men,"431,000",کفش روزمره مردانه شیفر,https://www.digikala.com/product/dkp-1917771
کفش روزمره مردانه شیفر مدل 7216A-101,Shifer 7216A-101 Casual Shoes For Men,"440,000",کفش روزمره مردانه شیفر,https://www.digikala.com/product/dkp-2321776
کفش روزمره مردانه مدل رهاورد کد 7382,,"190,000",,https://www.digikala.com/product/dkp-3015289
کفش مخصوص پیاده روی مردانه مدل 9966,,"934,250",,https://www.digikala.com/product/dkp-2853318
کفش پیاده روی مردانه کفش سعیدی مدل sa 062,,"179,000",کفش ورزشی مردانه کفش سعیدی,https://www.digikala.com/product/dkp-3651880
کفش مخصوص پیاده روی مردانه مدل Air 270,,"1,500,000",,https://www.digikala.com/product/dkp-1428790
کفش مخصوص پیاده روی مردانه مدل 4149,,"959,200",,https://www.digikala.com/product/dkp-2894690
کفش مخصوص پیاده روی مردانه مدل 4142,,"999,200",,https://www.digikala.com/product/dkp-2837845
کفش ورزشی مردانه مخصوص دویدن مدل Air max 270,کفش ورزشی مردانه مخصوص دویدن نایکی مدل Air max 270,"2,600,000",,https://www.digikala.com/product/dkp-620895
کفش کوهنوردی مردانه ویس من مدل CKO کد 8377,,"199,500",,https://www.digikala.com/product/dkp-4220077
کفش کوهنوردی مردانه سالومون مدل X-Ultra 3,,"1,650,000",کفش ورزشی مردانه سالومون,https://www.digikala.com/product/dkp-3493919
کفش ورزشی مردانه مخصوص دویدن  مدل Epic react flyknit,,"1,240,000",,https://www.digikala.com/product/dkp-649546
کفش کوهنوردی مردانه هامتو مدل 1-290027A,humtto,"1,399,000",کفش ورزشی مردانه هامتو,https://www.digikala.com/product/dkp-855511
کفش مخصوص دویدن مردانه نایکی مدل ایرمکس 200,,"1,165,000",کفش ورزشی مردانه نایکی,https://www.digikala.com/product/dkp-4569625
کفش مخصوص دویدن مردانه نایکی مدل ایکس 14,,"1,045,000",کفش ورزشی مردانه نایکی,https://www.digikala.com/product/dkp-4470786
کفش مخصوص دویدن مردانه نایکی مدل وومرو 14,,"1,045,000",کفش ورزشی مردانه نایکی,https://www.digikala.com/product/dkp-4454990
کفش مخصوص دویدن مردانه نایکی مدل ایرمکس 200,,"1,165,000",کفش ورزشی مردانه نایکی,https://www.digikala.com/product/dkp-4569606
کفش مخصوص دویدن مردانه نایکی مدل ایرمکس 200,,"1,165,000",کفش ورزشی مردانه نایکی,https://www.digikala.com/product/dkp-4569651
کفش مخصوص دویدن مردانه نایکی مدل ایکس 14,,"1,045,000",کفش ورزشی مردانه نایکی,https://www.digikala.com/product/dkp-4470704
کفش مخصوص دویدن مردانه نایکی مدل وومرو 14,,"1,045,000",کفش ورزشی مردانه نایکی,https://www.digikala.com/product/dkp-4454967
کفش مخصوص دویدن مردانه نایکی مدل ایکس 14,,"1,045,000",کفش ورزشی مردانه نایکی,https://www.digikala.com/product/dkp-4470756
کفش مخصوص پیاده روی مردانه مدل run20,,"184,500",,https://www.digikala.com/product/dkp-3096466
کفش مخصوص دویدن مردانه نایکی مدل وومرو 14,,"1,045,000",کفش ورزشی مردانه نایکی,https://www.digikala.com/product/dkp-4454954
کفش مخصوص دویدن مردانه نایکی مدل وومرو 14,,"1,045,000",کفش ورزشی مردانه نایکی,https://www.digikala.com/product/dkp-4453872
کفش مخصوص پیاده روی مردانه مدل 0051,,"959,200",,https://www.digikala.com/product/dkp-2937101
کفش روزمره مردانه بلوط مدل 7266C503104,Baloot 7266C503104 Casual Shoes For Men,"492,000",کفش روزمره مردانه بلوط,https://www.digikala.com/product/dkp-2734367
کفش مخصوص پیاده روی مدل AIR ZOOM STRUCTURE 21-BLACK,,"2,600,000",,https://www.digikala.com/product/dkp-843823
کفش مخصوص دویدن مردانه مدل Air Max 270,,"1,630,000",,https://www.digikala.com/product/dkp-1483778
کفش پیاده روی مردانه اسکچرز مدل AIR COOLD,,"1,965,000",کفش ورزشی مردانه اسکچرز,https://www.digikala.com/product/dkp-3993360
کفش کوهنوردی مردانه مدل یاشار کد YSHR222,,"270,000",,https://www.digikala.com/product/dkp-4599149
کفش مخصوص دویدن مردانه مدل اسکای کد 4105,,"142,500",,https://www.digikala.com/product/dkp-1658250
کفش کوهنوردی مردانه هامتو مدل 1-1520,,"1,270,000",کفش ورزشی مردانه هامتو,https://www.digikala.com/product/dkp-858295
کفش مخصوص دویدن مردانه ریباک مدل fv0617,,"2,750,000",کفش ورزشی مردانه ریباک,https://www.digikala.com/product/dkp-4609410
کفش کوهنوردی مردانه هامتو کد D1639-2,,"1,190,000",کفش ورزشی مردانه هامتو,https://www.digikala.com/product/dkp-2033744
کفش راحتی مردانه مدل epic react b,,"2,600,000",,https://www.digikala.com/product/dkp-723641
کفش کوهنوردی مردانه مکوان کد 1258,,"950,000",,https://www.digikala.com/product/dkp-3944875
کفش کوهنوردی مردانه هامتو مدل 210568A-1,,"1,550,000",کفش ورزشی مردانه هامتو,https://www.digikala.com/product/dkp-3867050
کفش کوهنوردی مردانه هامتو مدل 210568A-2,,"1,550,000",کفش ورزشی مردانه هامتو,https://www.digikala.com/product/dkp-3867415
کفش کوهنوردی مردانه مدل تاکتیکال,,"569,900",,https://www.digikala.com/product/dkp-2350902
کفش طبیعت گردی مردانه  مدل x-ultra,---,"1,580,000",,https://www.digikala.com/product/dkp-3515651
کفش کوهنوردی مردانه هامتو مدل 210473A-2,,"1,445,000",کفش ورزشی مردانه هامتو,https://www.digikala.com/product/dkp-3793792
کفش مخصوص پیاده روی مردانه سالومون مدل 407423 MIRACLE,,"2,778,650",کفش ورزشی مردانه سالومون,https://www.digikala.com/product/dkp-1521335
کفش طبیعت گردی مردانه سالومون مدل Speed Cross 3 BLRD4463,,"1,900,000",کفش ورزشی مردانه سالومون,https://www.digikala.com/product/dkp-4608374
کفش مخصوص پیاده روی مردانه مدل Gel-Nimbus 21 - 1012A156-021,,"2,600,000",,https://www.digikala.com/product/dkp-2215003
کفش کوهنوردی مردانه هامتو مدل 210568A-3,,"1,550,000",کفش ورزشی مردانه هامتو,https://www.digikala.com/product/dkp-3867113
کفش طبی مردانه مدل NC 0450,,"465,000",,https://www.digikala.com/product/dkp-3670144
کفش طبی مردانه مدل NC ecco 0440,,"495,000",,https://www.digikala.com/product/dkp-3670126
کفش طبی مردانه ایران پا مدل 202 P,,"355,300",,https://www.digikala.com/product/dkp-4173119
کفش پیاده روی مردانه نایکی مدل ZOOM 2K,,"3,900,000",کفش ورزشی مردانه نایکی,https://www.digikala.com/product/dkp-4305344
کفش مخصوص پیاده روی مردانه  مدل zoom pegasus,,"1,750,000",,https://www.digikala.com/product/dkp-2942738
کفش راحتی مردانه مدل 5327,,"959,200",,https://www.digikala.com/product/dkp-2937287
کفش مخصوص دویدن مردانه  مدل ultra boost 19 کد 3773,,"413,250",,https://www.digikala.com/product/dkp-1894802
کفش طبیعت گردی مردانه نورث فیس مدل FUTURELIGHT,,"5,338,600",کفش ورزشی مردانه نورث فیس,https://www.digikala.com/product/dkp-3742786
کفش فوتبال مردانه نایکی مدل CJ1292-401,,"2,800,000",کفش ورزشی مردانه نایکی,https://www.digikala.com/product/dkp-3668629
کفش مخصوص پیاده روی مردانه ریباک مدل FV3839,Reebok FV3839 Walking Shoes For Men,"2,595,000",کفش ورزشی مردانه ریباک,https://www.digikala.com/product/dkp-3290722
کفش راحتی نایکی مدل EBERNON MID,,"3,400,000",کفش ورزشی زنانه و مردانه نایکی,https://www.digikala.com/product/dkp-3852901
کفش راحتی مردانه مدل 5474,,"971,250",,https://www.digikala.com/product/dkp-2734939
کفش مخصوص دویدن مردانه ریباک مدل 5.0 EF4202,Reebok Ridgerider 5.0 EF4202 Running Shoes For men,"2,895,000",کفش ورزشی مردانه ریباک,https://www.digikala.com/product/dkp-3431363
کفش مخصوص پیاده روی مردانه ریباک مدل DV8629,,"2,985,000",کفش ورزشی مردانه ریباک,https://www.digikala.com/product/dkp-3236428
کفش مخصوص دویدن مردانه مدل Gel-kayano 26 کد 1011A536-400,,"2,060,000",,https://www.digikala.com/product/dkp-2898904
کفش طبیعت گردی مردانه فاتح مدل سنتر کد 8297,,"488,000",,https://www.digikala.com/product/dkp-4096280
کفش مخصوص دویدن مردانه اسیکس مدل نیمبوس 21 رنگ سبز,,"1,120,000",کفش ورزشی مردانه اسیکس,https://www.digikala.com/product/dkp-4437159
کفش مخصوص دویدن مردانه ریباک مدل CL lthr Classic,Reebok CL lthr Classic Running Shoes For men,"2,895,000",کفش ورزشی مردانه ریباک,https://www.digikala.com/product/dkp-3273523
کفش پیاده روی مردانه اسیکس مدل TX-7752,,"1,750,000",کفش ورزشی مردانه اسیکس,https://www.digikala.com/product/dkp-3502150
کفش مخصوص دویدن مردانه مدل zoom pegasus,,"2,020,000",,https://www.digikala.com/product/dkp-2479468
کفش راحتی مردانه مدل NC 01220,,"288,000",,https://www.digikala.com/product/dkp-4227364
کفش راحتی مردانه  مدل Stan smith,,"2,500,000",,https://www.digikala.com/product/dkp-2802508
کفش مخصوص دویدن مردانه اسیکس مدل نیمبوس 21,,"1,120,000",کفش ورزشی مردانه اسیکس,https://www.digikala.com/product/dkp-4446790
کفش مخصوص دویدن مردانه اسیکس مدل نیمبوس 21,,"1,120,000",کفش ورزشی مردانه اسیکس,https://www.digikala.com/product/dkp-4437860
کفش راحتی مردانه مدل 9929,,"40,100",,https://www.digikala.com/product/dkp-2195227
کفی طبی کفش مردانه ساتل سایز 40 کد 400,,"18,000",,https://www.digikala.com/product/dkp-1128943
کفش راحتی مردانه  مدل Gazelle,Gazelle Casual Shoes For Men,"1,240,000",,https://www.digikala.com/product/dkp-510849
کفش راحتی مردانه مدل 5523,,"971,250",,https://www.digikala.com/product/dkp-2734718
کفش راحتی مردانه مدل 5544,,"971,250",,https://www.digikala.com/product/dkp-2734547
کفش راحتی مردانه مدل 6630,,"999,200",,https://www.digikala.com/product/dkp-2837733
کفش فوتبال مردانه کد BL320,,"175,000",,https://www.digikala.com/product/dkp-3451401
کفش روزمره مردانه فاتح مدل سنتر کد 7695,,"149,760",,https://www.digikala.com/product/dkp-3254588
کفش مخصوص دویدن مردانه اسیکس مدل کایانو 25,,"1,375,000",کفش ورزشی مردانه اسیکس,https://www.digikala.com/product/dkp-4451552
کفش راحتی مردانه مدل NC 01230,,"445,000",,https://www.digikala.com/product/dkp-4459107
کفش راحتی مردانه مدل PART-WH,,"169,000",,https://www.digikala.com/product/dkp-2441109
کفش مخصوص پیاده روی مردانه آدیداس مدل AC8791,Adidas AC8791 Jogging Lace-Up Shoes For Men,"1,650,000",کفش ورزشی مردانه آدیداس,https://www.digikala.com/product/dkp-1381723
کفی طبی کفش مردانه ساتل سایز 45 کد 400,,"17,000",,https://www.digikala.com/product/dkp-1128942
کفش مخصوص دویدن مردانه اسیکس مدل داینا فلایت 2,,"1,210,000",کفش ورزشی مردانه اسیکس,https://www.digikala.com/product/dkp-4450611
کفش پیاده روی مردانه ریباک مدل FU6609,,"2,116,500",کفش ورزشی مردانه ریباک,https://www.digikala.com/product/dkp-4587101
کفش راحتی مردانه مدل Stan Smith,Adidas Stan Smith Causal  Shoes Fore Men,"2,050,000",,https://www.digikala.com/product/dkp-767696
کفش پیاده روی مردانه آدیداس مدل Stan Smith کد ST554,,"1,375,000",کفش ورزشی مردانه آدیداس,https://www.digikala.com/product/dkp-3795916
کفش راحتی مردانه مدل Stan Smith کد blk/wht,,"1,388,560",,https://www.digikala.com/product/dkp-2537766
کفش مخصوص پیاده روی زنانه رامیلا مدل مونیخ کد 7661,,"133,000",,https://www.digikala.com/product/dkp-3237348
کفش مخصوص پیاده روی زنانه مدل J2-Wh,,"143,000",,https://www.digikala.com/product/dkp-2341623
کفش مخصوص پیاده روی زنانه مدل هامون کد 4456,,"199,000",,https://www.digikala.com/product/dkp-1905098
کفش راحتی زنانه کد 1,,"119,700",,https://www.digikala.com/product/dkp-1603354
کفش مخصوص پیاده روی زنانه پارمیس کد JA6010,,"203,900",,https://www.digikala.com/product/dkp-2290596
کفش راحتی چابک مدل رامش رنگ مشکی,,"198,000",کفش ورزشی زنانه و مردانه چابک,https://www.digikala.com/product/dkp-3868160
کفش مخصوص پیاده روی زنانه کد 9814,,"138,000",,https://www.digikala.com/product/dkp-2009424
کفش مخصوص پیاده روی زنانه مدل ولکان,,"185,000",,https://www.digikala.com/product/dkp-3213561
کفش مخصوص پیاده روی زنانه رامیلا مدل مونیخ کد 7660,,"133,000",,https://www.digikala.com/product/dkp-3237363
کفش مخصوص پیاده روی زنانه مدل Dharma W,,"115,000",,https://www.digikala.com/product/dkp-1621654
کفش پیاده روی مردانه آدیداس مدل Runfalcon,,"2,000,000",کفش ورزشی مردانه آدیداس,https://www.digikala.com/product/dkp-4472116
کفش پیاده روی مردانه آدیداس مدل ZX 5000 RSPN,,"1,300,000",کفش ورزشی مردانه آدیداس,https://www.digikala.com/product/dkp-4157235
کفش راحتی مردانه نسیم مدل زاگرس کد 2681,,"79,000",کفش ورزشی مردانه نسیم,https://www.digikala.com/product/dkp-746529
کفش بسکتبال مردانه آدیداس مدل G28978,,"1,520,000",کفش ورزشی مردانه آدیداس,https://www.digikala.com/product/dkp-4161708
کفش مخصوص پیاده روی  زنانه مدل az-zn رنگ مشکی,,"136,000",,https://www.digikala.com/product/dkp-1706542
کفش راحتی مردانه آدیداس مدل GAZELLE,,"1,400,000",کفش ورزشی مردانه آدیداس,https://www.digikala.com/product/dkp-4199282
کفش پیاده روی زنانه آدیداس مدل Stan Smith کد ST980,,"1,700,000",کفش ورزشی زنانه آدیداس,https://www.digikala.com/product/dkp-3795834
کفش راحتی زنانه آدیداس مدل Stan Smith,Adidas Stan Smith Casual Shoes For Women,"1,280,000",کفش ورزشی زنانه آدیداس,https://www.digikala.com/product/dkp-740115
کفش مخصوص پیاده روی زنانه مدل 154 MIRACLE,,"118,000",,https://www.digikala.com/product/dkp-1609998
کفش مخصوص پیاده روی زنانه نسیم مدل پاریس کد 2661,,"157,500",کفش ورزشی زنانه نسیم,https://www.digikala.com/product/dkp-743166
کفش مخصوص پیاده روی زنانه آلبرتینی مدل خوشان کد 7636,,"161,980",کفش ورزشی زنانه آلبرتینی,https://www.digikala.com/product/dkp-3237014
کفش طبی زنانه روشن مدل نازنین کد 03,,"500,000",کفش ورزشی زنانه روشن,https://www.digikala.com/product/dkp-1419076
کفش مخصوص پیاده روی زنانه کد Mhr-107,,"135,000",,https://www.digikala.com/product/dkp-1906235
کفش مخصوص پیاده روی زنانه کد Mhr-106,,"180,000",,https://www.digikala.com/product/dkp-1906236
کفش مخصوص پیاده روی زنانه مدل Dharma Black W,,"130,000",,https://www.digikala.com/product/dkp-1621643
کفش ساحلی مردانه نسیم مدل کلمبیا کد G208,,"59,500",کفش ورزشی مردانه نسیم,https://www.digikala.com/product/dkp-1699641
کفش پیاده روی زنانه رامیلا مدل nafas,,"141,000",,https://www.digikala.com/product/dkp-3844076
کفش پیاده روی زنانه مدل پارمیس کد TTS3030,,"195,000",,https://www.digikala.com/product/dkp-4248052
کفش راحتی مردانه شهپر مدل مونیکا کد 8144,,"75,600",کفش ورزشی مردانه شهپر,https://www.digikala.com/product/dkp-3823751
کفش راحتی زنانه کد 9959,,"294,000",,https://www.digikala.com/product/dkp-3499719
کفش پیاده روی زنانه مدل 55,,"180,000",,https://www.digikala.com/product/dkp-3696599
کفش راحتی زنانه مدل Stan Smith,,"2,500,000",,https://www.digikala.com/product/dkp-988226
کفش مخصوص پیاده روی زنانه رامیلا کد 7332,,"133,000",,https://www.digikala.com/product/dkp-2990392
کفش راحتی زنانه مدل 4C,,"220,000",,https://www.digikala.com/product/dkp-4501696
کفش راحتی زنانه  مدل Stan smith,,"1,200,000",,https://www.digikala.com/product/dkp-2819385
کفش مخصوص پیاده روی زنانه سالومون مدل 406760 MIRACLE,,"2,778,650",کفش ورزشی زنانه سالومون,https://www.digikala.com/product/dkp-1758182
کفش مخصوص دویدن زنانه آدیداس مدل EE9933,,"2,363,000",کفش ورزشی زنانه آدیداس,https://www.digikala.com/product/dkp-4202366
کفش مخصوص پیاده روی زنانه مدل J2-Bk,,"137,000",,https://www.digikala.com/product/dkp-2389495
کفش راحتی زنانه مدل Gazelle,Adidas Gazelle Casual Shoes For Women,"1,390,000",,https://www.digikala.com/product/dkp-275466
کفش راحتی زنانه آدیداس مدل Gazelle کد AA6617,,"1,000,000",کفش ورزشی زنانه آدیداس,https://www.digikala.com/product/dkp-2398375
کفش راحتی زنانه کفش سعیدی مدل sa067,,"169,000",کفش ورزشی زنانه کفش سعیدی,https://www.digikala.com/product/dkp-3954914
کفش مخصوص پیاده روی زنانه ریباک مدل EH1023,Reebok EH1023 Walking Shoes For Women,"1,899,000",کفش ورزشی زنانه ریباک,https://www.digikala.com/product/dkp-3290572
کفش راحتی زنانه آدیداس مدل Stan Smith Black,,"1,450,000",کفش ورزشی زنانه آدیداس,https://www.digikala.com/product/dkp-1003412
کفش پیاده روی زنانه آدیداس مدل Stan Smith,,"2,500,000",کفش ورزشی زنانه آدیداس,https://www.digikala.com/product/dkp-4669314
کفش پیاده روی زنانه مدل FS02,,"255,000",,https://www.digikala.com/product/dkp-4552132
کفش راحتی زنانه آدیداس مدل Stan Smith CF-Blue,,"2,600,000",کفش ورزشی زنانه آدیداس,https://www.digikala.com/product/dkp-828971
کفش پیاده روی زنانه کد 123,,"213,000",,https://www.digikala.com/product/dkp-4491076
کفش راحتی زنانه مدل  TNR-PU4,,"198,000",,https://www.digikala.com/product/dkp-3550329
کفش مخصوص پیاده روی زنانه پرفکت استپس مدل آرمیس رنگ مشکی,,"319,500",کفش ورزشی زنانه پرفکت استپس,https://www.digikala.com/product/dkp-2373838
کفش راحتی چابک مدل آرشام رنگ مشکی,,"163,500",کفش ورزشی زنانه و مردانه چابک,https://www.digikala.com/product/dkp-3868164
کفش پیاده روی زنانه مدل 58,,"200,000",,https://www.digikala.com/product/dkp-4070781
کفش پیاده روی زنانه مدل 57,,"164,500",,https://www.digikala.com/product/dkp-3688880
کفش مخصوص پیاده روی زنانه مدل پارامیس کد 7690,,"191,000",,https://www.digikala.com/product/dkp-3273398
کفش مخصوص دویدن زنانه مدل FS08,,"286,000",,https://www.digikala.com/product/dkp-4555355
کفش مخصوص دویدن زنانه مدل FS09,,"286,000",,https://www.digikala.com/product/dkp-4555450
کفش مخصوص دویدن زنانه مدل FS10,,"286,000",,https://www.digikala.com/product/dkp-4555488
کفش مخصوص دویدن زنانه مدل Epic React Flyknit,,"1,180,000",,https://www.digikala.com/product/dkp-1158698
کفش بسکتبال مردانه جردن مدل BV6352 001,,"1,330,000",کفش ورزشی مردانه ایر جردن,https://www.digikala.com/product/dkp-2652251
کفش مخصوص دویدن زنانه ریباک مدل دایتونا,,"1,290,000",کفش ورزشی زنانه ریباک,https://www.digikala.com/product/dkp-4561017
کفش مخصوص دویدن زنانه ریباک مدل FV0355,,"1,946,500",کفش ورزشی زنانه ریباک,https://www.digikala.com/product/dkp-4588203
کفش مخصوص دویدن زنانه ریباک مدل FV0347,,"1,929,500",کفش ورزشی زنانه ریباک,https://www.digikala.com/product/dkp-4588132
کفش مخصوص دویدن زنانه ریباک مدل eh0604,,"3,300,000",کفش ورزشی زنانه ریباک,https://www.digikala.com/product/dkp-3749425
کفش پیاده روی زنانه پاما مدل ZRK کد G1197,,"289,000",کفش ورزشی زنانه پاما,https://www.digikala.com/product/dkp-3806828
کفش مخصوص دویدن زنانه مدل FS07,,"286,000",,https://www.digikala.com/product/dkp-4555276
کفش مخصوص پیاده روی زنانه آلبرتینی مدل خوشان کد 7718,,"160,000",کفش ورزشی زنانه آلبرتینی,https://www.digikala.com/product/dkp-3273493
کفش راحتی چابک مدل رامش رنگ سرمه ‌ای,,"128,000",کفش ورزشی زنانه و مردانه چابک,https://www.digikala.com/product/dkp-3868157
کفش مخصوص پیاده روی زنانه پرفکت استپس مدل سولو,,"244,000",کفش ورزشی زنانه پرفکت استپس,https://www.digikala.com/product/dkp-1731550
کفش روزمره زنانه مدل صبا,,"68,800",,https://www.digikala.com/product/dkp-4254523
کفش پیاده روی زنانه مدل LQ3,,"128,500",,https://www.digikala.com/product/dkp-3767618
کفش مخصوص پیاده روی زنانه مدل پارامیس کد 7699,,"191,000",,https://www.digikala.com/product/dkp-3273407
کفش مخصوص پیاده روی زنانه پرفکت استپس مدل اسکای کد 001,,"149,000",کفش ورزشی زنانه پرفکت استپس,https://www.digikala.com/product/dkp-2174212
کفش روزمره زنانه دلفارد مدل DL5034F500-103,Delphard DL5034F500-103 Casual Shoes For Women,"264,000",کفش روزمره زنانه دلفارد,https://www.digikala.com/product/dkp-1828207
کفش مخصوص دویدن زنانه نیو بالانس مدل MS997XTA,,"1,850,000",کفش ورزشی زنانه نیو بالانس,https://www.digikala.com/product/dkp-4007930
کفش روزمره زنانه شیفر مدل 5181B-101,Shifer 5181B-101 Casual Shoes For Women,"540,000",کفش روزمره زنانه شیفر,https://www.digikala.com/product/dkp-2321130
کفش روزمره زنانه پرفکت استپس مدل پریمو کژوال رنگ مشکی,,"308,000",کفش روزمره زنانه پرفکت استپس,https://www.digikala.com/product/dkp-1693072
کفش پیاده روی مردانه آندر آرمور مدل 3020138-001 RailFit,,"2,960,100",کفش ورزشی مردانه آندر آرمور,https://www.digikala.com/product/dkp-4060791
کفش زنانه ونوس مدل شیما مشکی,,"174,800",,https://www.digikala.com/product/dkp-1423895
کفش ورزشی زنانه مخصوص دویدن مدل Epic React  Flyknit,,"1,070,000",,https://www.digikala.com/product/dkp-622035
کفش روزمره زنانه شیفر مدل 5279A-101,Shifer 5279A-101 Casual Shoes For Women,"348,000",کفش روزمره زنانه شیفر,https://www.digikala.com/product/dkp-2321014
کفش زنانه سینا مدل سما کد 1112,,"164,350",,https://www.digikala.com/product/dkp-1078050
کفش مخصوص دویدن زنانه  مدل   AlphaBounce Instinct کد 980125,,"2,400,000",,https://www.digikala.com/product/dkp-1725164
کفش روزمره زنانه سینا مدل سپیده رنگ مشکی,,"160,550",,https://www.digikala.com/product/dkp-2271732
کفش طبی زنانه ایران پا مدل نیلوفر رنگ مشکی,,"370,000",,https://www.digikala.com/product/dkp-3655560
کفش روزمره زنانه مدل پاناما,,"358,000",,https://www.digikala.com/product/dkp-3690893
صفحه شطرنج مدل R2,,"62,280",,https://www.digikala.com/product/dkp-3005083
کفش روزمره زنانه شیفر مدل 5181A500104,Shifer 5181A500104 Casual Shoes For Women,"382,000",کفش روزمره زنانه شیفر,https://www.digikala.com/product/dkp-3008279
کفش زنانه مدل D1990,,"212,000",,https://www.digikala.com/product/dkp-3415625
کفش روزمره زنانه مدل 99146,,"300,000",,https://www.digikala.com/product/dkp-4174609
کفش روزمره زنانه آرتمن مدل Veda-41503-101,Artman Veda-41503-101 Casual Shoes For Women,"796,000",کفش روزمره زنانه آرتمن,https://www.digikala.com/product/dkp-4405723
کفش روزمره زنانه دانادل DN5159A-110,Danadel DN5159A-110 Casual Shoes For Women,"319,000",کفش روزمره زنانه دانادل,https://www.digikala.com/product/dkp-1864975
کفش روزمره زنانه مدل MOM43,,"56,100",,https://www.digikala.com/product/dkp-3414382
کفش روزمره زنانه ونوس مدل بهار کد 006,,"157,700",,https://www.digikala.com/product/dkp-2029856
کفش روزمره زنانه آرتمن مدل Veda-41448,Artman Veda-41448 Casual Shoes Shoes For Women,"796,000",کفش روزمره زنانه آرتمن,https://www.digikala.com/product/dkp-3498750
کفش روزمره زنانه آذر پلاس مدل 7501A500104,Azar Plus 7501A500104 Casual Shoes For Women,"439,000",کفش روزمره زنانه آذر پلاس,https://www.digikala.com/product/dkp-2812050
کفش روزمره زنانه آرتمن مدل Brooke-42013,Artman Brooke-42013 Casual Shoes For Women,"883,000",کفش روزمره زنانه آرتمن,https://www.digikala.com/product/dkp-3498368
کفش روزمره زنانه آرتمن مدل Fando-41453,Artman Fando-41453 Casual Shoes For Women,"690,000",کفش روزمره زنانه آرتمن,https://www.digikala.com/product/dkp-3493613
کفش روزمره زنانه آرتمن مدل Fando-41429,Artman Fando-41429 Shoes For Women,"690,000",کفش روزمره زنانه آرتمن,https://www.digikala.com/product/dkp-3496504
کفش روزمره زنانه آرتمن مدل Brooke-42196,Artman Brooke-42196 Casual Shoes For Women,"883,000",کفش روزمره زنانه آرتمن,https://www.digikala.com/product/dkp-3498051
کفش روزمره زنانه آرتمن مدلBrooke-42097,Artman Brooke-42097 Casual Shoes For Women,"883,000",کفش روزمره زنانه آرتمن,https://www.digikala.com/product/dkp-3498049
کفش روزمره زنانه آرتمن مدل veda-42418-173,Artman veda-42418-173 Casual Shoes For Women,"796,000",کفش روزمره زنانه آرتمن,https://www.digikala.com/product/dkp-4405276
کفش روزمره زنانه آرتمن مدل veda-42413-141,Artman veda-42413-141 Casual Shoes For Women,"796,000",کفش روزمره زنانه آرتمن,https://www.digikala.com/product/dkp-4405102
کفش روزمره زنانه آرتمن مدل Raido-41434,Artman Raido-41434 Casual Shoes For Women,"890,000",کفش روزمره زنانه آرتمن,https://www.digikala.com/product/dkp-3499135
کفش روزمره زنانه کد 3422597,,"249,000",,https://www.digikala.com/product/dkp-3422597
کفش روزمره زنانه آرتمن مدل veda-42657-194,Artman veda-42657-194 Casual Shoes For Women,"796,000",کفش روزمره زنانه آرتمن,https://www.digikala.com/product/dkp-4405130
کفش روزمره زنانه آرتمن مدل veda-41695-199,Artman veda-41695-199 Casual Shoes For Women,"796,000",کفش روزمره زنانه آرتمن,https://www.digikala.com/product/dkp-4409072
کفش روزمره زنانه آرتمن مدل Veda-41444-199,Artman Veda-41444-199 Casual Shoes For Women,"796,000",کفش روزمره زنانه آرتمن,https://www.digikala.com/product/dkp-4405161
کفش روزمره زنانه آرتمن مدل brooke-42295-173,Artman brooke-42295-173 Casual Shoes For Women,"883,000",کفش روزمره زنانه آرتمن,https://www.digikala.com/product/dkp-4409057
کفش روزمره زنانه ساتین مدل SN5164A-101,Satin SN5164A-101 Casual Shoes For Women,"350,000",کفش روزمره زنانه ساتین,https://www.digikala.com/product/dkp-1848182
کفش روزمره زنانه آرتمن مدل Veda-41488,Artman Veda-41488 Casual Shoes For Women,"796,000",کفش روزمره زنانه آرتمن,https://www.digikala.com/product/dkp-3498751
کفش روزمره زنانه کد 99146,,"300,000",,https://www.digikala.com/product/dkp-3487041
کفش روزمره زنانه مدل 99146,,"300,000",,https://www.digikala.com/product/dkp-4166040
کفش روزمره زنانه آرتمن مدل Brooke-42201,Artman Brooke-42201Casual Shoes For Women,"883,000",کفش روزمره زنانه آرتمن,https://www.digikala.com/product/dkp-3498052
کفش روزمره زنانه شیفر مدل 5279A-104,Shifer 5279A-104 Casual Shoes For Women,"596,000",کفش روزمره زنانه شیفر,https://www.digikala.com/product/dkp-2321013
کفش روزمره زنانه شیفر مدل 5181C500101,Shifer 5181C500101 Casual Shoes For Women,"676,000",کفش روزمره زنانه شیفر,https://www.digikala.com/product/dkp-3008320
کفش روزمره زنانه اسمارا کد Esh02,,"190,000",کفش روزمره زنانه اسمارا,https://www.digikala.com/product/dkp-2737377
کفش طبی زنانه مدل PNK,,"173,000",,https://www.digikala.com/product/dkp-3682442
کفش روزمره زنانه شیفر مدل 5276A-101,Shifer 5276A-101 Casual Shoes For Women,"546,000",کفش روزمره زنانه شیفر,https://www.digikala.com/product/dkp-2321113
کفش روزمره زنانه کد 980187,,"423,000",,https://www.digikala.com/product/dkp-3115776
کفش روزمره زنانه مدل ARZ531M,,"162,000",,https://www.digikala.com/product/dkp-540607
کفش مخصوص دویدن زنانه اسیکس مدل Gel Kayano 25 کد 1012A026.500,,"1,350,000",کفش ورزشی زنانه اسیکس,https://www.digikala.com/product/dkp-2899341
کفش زنانه مدل B77,,"123,000",,https://www.digikala.com/product/dkp-2546491
کفش روزمره زنانه کد 99146,,"300,000",,https://www.digikala.com/product/dkp-3487037
کفش روزمره زنانه کد 98184,,"265,000",,https://www.digikala.com/product/dkp-2992134
کفش زنانه روشن مدل 2022 کد 01,,"556,500",کفش روزمره زنانه روشن,https://www.digikala.com/product/dkp-1648640
کفش طبی زنانه پاتکان مدل NIC1242,,"200,000",کفش روزمره زنانه پاتکان,https://www.digikala.com/product/dkp-4066346
کفش طبی زنانه مدل 14,,"128,900",,https://www.digikala.com/product/dkp-3851130
کفش زنانه روشن مدل 2022 کد 04,,"560,000",کفش روزمره زنانه روشن,https://www.digikala.com/product/dkp-1648925
کفش طبی زنانه مدل شاهکار,,"166,000",,https://www.digikala.com/product/dkp-4167757
کفش پیاده روی مردانه آندر آرمور مدل 3020138-100 Railfit,,"2,960,100",کفش ورزشی مردانه آندر آرمور,https://www.digikala.com/product/dkp-4061128
کفش روزمره زنانه شیفر مدل 5291A500104,Shifer 5291A500104 Casual Shoes For Women,"462,000",کفش روزمره زنانه شیفر,https://www.digikala.com/product/dkp-3007897
کفش روزمره زنانه شیفر مدل 5289A500136,Shifer 5289A500136 Casual Shoes For Women,"446,000",کفش روزمره زنانه شیفر,https://www.digikala.com/product/dkp-3007843
کفش روزمره زنانه ریمکس مدل RS5096E-101,Remax RS5096E-101 Casual Shoes For Women,"326,000",کفش روزمره زنانه ریمکس,https://www.digikala.com/product/dkp-1828012
کفش روزمره زنانه آذر پلاس مدل 7501A500101,Azar Plus 7501A500101 Casual Shoes For Women,"439,000",کفش روزمره زنانه آذر پلاس,https://www.digikala.com/product/dkp-2812049
کفش پیاده روی زنانه مدل FS01,,"204,000",,https://www.digikala.com/product/dkp-4552082
کفش روزمره زنانه روشن مدل 301 کد 01,,"567,000",کفش روزمره زنانه روشن,https://www.digikala.com/product/dkp-1630855
کفش پیاده روی زنانه اسیکس مدل gel kayano 23,,"1,600,000",کفش ورزشی زنانه اسیکس,https://www.digikala.com/product/dkp-3621595
کفش زنانه روشن مدل 01-9931,,"556,500",کفش روزمره زنانه روشن,https://www.digikala.com/product/dkp-3097456
کفش مخصوص دویدن زنانه اسیکس مدل داینا فلایت 2,,"1,210,000",کفش ورزشی زنانه اسیکس,https://www.digikala.com/product/dkp-4449983
کفش مخصوص پیاده روی زنانه پرفکت استپس مدل آرمیس,,"349,000",کفش ورزشی زنانه پرفکت استپس,https://www.digikala.com/product/dkp-1797845
کفش روزمره زنانه اسمارا مدل Z-645,,"225,000",کفش روزمره زنانه اسمارا,https://www.digikala.com/product/dkp-4427114
کفش زنانه اسمارا کد Esh05,,"133,000",کفش تخت زنانه اسمارا,https://www.digikala.com/product/dkp-3160601
کفش پیاده روی زنانه اسکچرز مدل 669,,"760,000",کفش ورزشی زنانه اسکچرز,https://www.digikala.com/product/dkp-4580027
کفش پیاده روی زنانه مدل LQ1,,"128,500",,https://www.digikala.com/product/dkp-3745136
کفش پیاده روی زنانه مدل LQ4,,"129,500",,https://www.digikala.com/product/dkp-3767695
کفش مخصوص پیاده روی زنانه کفش سعیدی کد Mo 900,,"150,000",کفش ورزشی زنانه کفش سعیدی,https://www.digikala.com/product/dkp-3059392
کفش راحتی زنانه کد M1,,"39,000",,https://www.digikala.com/product/dkp-2206120
کفش روزمره زنانه روشن مدل 01-1120,,"556,500",,https://www.digikala.com/product/dkp-1661371
کفش پیاده روی زنانه مدل LI2,,"196,000",,https://www.digikala.com/product/dkp-3987612
کفش مخصوص دویدن زنانه مدل Epic React Flyknit,,"1,380,000",,https://www.digikala.com/product/dkp-958628
کفش پیاده روی زنانه سالومون مدل 409574,,"5,779,000",کفش ورزشی زنانه سالومون,https://www.digikala.com/product/dkp-3258413
کفش راحتی زنانه مدل 2568,,"168,000",,https://www.digikala.com/product/dkp-1150491
کفش زنانه ونوس مدل شیدا,,"179,550",,https://www.digikala.com/product/dkp-912133
کفش مخصوص پیاده روی زنانه پرفکت استپس مدل لایف رنگ سرمه ای,,"249,000",کفش ورزشی زنانه پرفکت استپس,https://www.digikala.com/product/dkp-2543720
کفش مخصوص پیاده روی زنانه کد Go321,,"120,000",,https://www.digikala.com/product/dkp-2572606
کفش مخصوص پیاده روی زنانه پرفکت استپس مدل پریمو رنگ طوسی,,"329,000",کفش ورزشی زنانه پرفکت استپس,https://www.digikala.com/product/dkp-1693089
کفش روزمره زنانه مادام مدل F58807,Madaemme F58807 Casual Shoes For Women,"230,000",کفش تخت زنانه مادام,https://www.digikala.com/product/dkp-1394900
کفش پیاده روی زنانه رامیلا مدل مسکو کد 7748,,"138,500",,https://www.digikala.com/product/dkp-3350065
کفش زنانه ریمکس مدل 1004a100101,Remax 1004a100101 Shoes For Women,"77,000",کفش تخت زنانه ریمکس,https://www.digikala.com/product/dkp-3009240
کفش زنانه دارکوب کد 601,,"164,000",,https://www.digikala.com/product/dkp-695902
کفش زنانه ونوس مدل بهار کد01,,"169,100",,https://www.digikala.com/product/dkp-912741
کفش زنانه ونوس مدل بهار کد2,,"178,600",,https://www.digikala.com/product/dkp-911337
کفش زنانه سینا مدل آیدا مشکی کد 15,,"183,350",,https://www.digikala.com/product/dkp-1020166
کفش راحتی زنانه اسمارا مدل Z-444,,"278,350",کفش ورزشی زنانه اسمارا,https://www.digikala.com/product/dkp-4426872
کفش زنانه کد 98152,,"184,000",,https://www.digikala.com/product/dkp-3007994
کفش زنانه ونوس کد 05,,"180,000",,https://www.digikala.com/product/dkp-918812
کفش زنانه آرتمن مدل Hofre 2-41923,Artman Hofre 2-41923 Casual For Women mr2,"615,000",کفش تخت زنانه آرتمن,https://www.digikala.com/product/dkp-3497913
کفش زنانه آرتمن مدل aila 2-42426-116,Artman aila 2-42426-116 Shoes For Women,"796,000",کفش تخت زنانه آرتمن,https://www.digikala.com/product/dkp-4405258
کفش زنانه آرتمن مدل brooke-42629-139,Artman brooke-42629-139 Shoes For Women,"883,000",کفش تخت زنانه آرتمن,https://www.digikala.com/product/dkp-4422298
کفش زنانه آرتمن مدل lenny-42628-136,Artman lenny-42628-136 Shoes For Women,"874,000",کفش تخت زنانه آرتمن,https://www.digikala.com/product/dkp-4405170
کفش زنانه آرتمن مدل Hofre 2-41902,Artman Hofre 2-41902 Casual For Women,"615,000",کفش تخت زنانه آرتمن,https://www.digikala.com/product/dkp-3497914
کفش زنانه آرتمن مدل aila 2-42376-120,Artman aila 2-42376-120 Shoes For Women,"796,000",کفش تخت زنانه آرتمن,https://www.digikala.com/product/dkp-4409091
کفش زنانه آرتمن مدل lenny-42349-173,Artman lenny-42349-173 Shoes For Women,"874,000",کفش تخت زنانه آرتمن,https://www.digikala.com/product/dkp-4409082
کفش زنانه آرتمن مدل lenny-42408-199,Artman lenny-42408-199 Shoes For Women,"874,000",کفش تخت زنانه آرتمن,https://www.digikala.com/product/dkp-4405269
کفش روزمره زنانه ونوس کد 03,,"133,000",,https://www.digikala.com/product/dkp-863347
کفش زنانه آرتمن مدل AiAila 2-41891,Artman Aila 2-41891 Shoes For Women,"796,000",کفش تخت زنانه آرتمن,https://www.digikala.com/product/dkp-3499469
کفش زنانه آرتمن مدل Aila 2-41884,Artman Aila 2-41884 Shoes For Women,"796,000",کفش تخت زنانه آرتمن,https://www.digikala.com/product/dkp-3496474
کفش زنانه شیفر مدل 5263A-101,Shifer 5263A-101 Shoes For Women,"418,000",کفش تخت زنانه شیفر,https://www.digikala.com/product/dkp-1918281
صندل زنانه آرتمن مدل Joy-41937,Artman Joy-41937 Sandal For Women,"696,000",صندل زنانه آرتمن,https://www.digikala.com/product/dkp-3497727
صندل زنانه آرتمن مدل Shideh-42002,Artman Shideh-42002 Sandal For Women,"874,000",صندل زنانه آرتمن,https://www.digikala.com/product/dkp-3498002
صندل زنانه آرتمن مدل EMMA-42175,Artman EMMA-42175 Sandal For Women,"755,000",صندل زنانه آرتمن,https://www.digikala.com/product/dkp-3499404
صندل زنانه آرتمن مدل Gilda-42144,Artman Gilda-42144 Sandal For Women,"827,000",صندل زنانه آرتمن,https://www.digikala.com/product/dkp-3499405
صندل زنانه آرتمن مدل Afsoon-42092,Artman Afsoon-42092 Sandal For Women,"853,000",صندل زنانه آرتمن,https://www.digikala.com/product/dkp-3499715
صندل زنانه آرتمن مدل EMMA-42068,Artman EMMA-42068 Sandal For Women,"755,000",صندل زنانه آرتمن,https://www.digikala.com/product/dkp-3497761
صندل زنانه آرتمن مدل EMMA-41942,Artman EMMA-41942 Sandal For Women,"755,000",صندل زنانه آرتمن,https://www.digikala.com/product/dkp-3497762
صندل زنانه آرتمن مدل Emilia-42057,Artman Emilia-42057 Sandal For Women,"775,000",صندل زنانه آرتمن,https://www.digikala.com/product/dkp-3497861
صندل زنانه آرتمن مدل Afsoon-42149,Artman Afsoon-42149 Sandal For Women,"853,000",صندل زنانه آرتمن,https://www.digikala.com/product/dkp-3499384
صندل زنانه آرتمن مدل Joy-42113,Artman Joy-42113 Sandal For Women,"696,000",صندل زنانه آرتمن,https://www.digikala.com/product/dkp-3497714
صندل زنانه آرتمن مدل Joy-42164,Artman Joy-42164  Sandal For Women mr11,"694,000",صندل زنانه آرتمن,https://www.digikala.com/product/dkp-3497726
صندل زنانه آرتمن مدل EMMA-41962,Artman EMMA-41962 Sandal For Women,"755,000",صندل زنانه آرتمن,https://www.digikala.com/product/dkp-3494275
صندل زنانه آرتمن مدل Bonita 2-42080,Artman Bonita 2-42080 Sandal For Women,"799,000",صندل زنانه آرتمن,https://www.digikala.com/product/dkp-3499661
صندل زنانه نیو پاما مدل 1423A-114,New Pama 1423A-114 Sandals For Women,"76,500",صندل زنانه نیو پاما,https://www.digikala.com/product/dkp-1717389
کفش زنانه سینا مدل بنفشه عسلی کد21,,"183,350",,https://www.digikala.com/product/dkp-1006760
صندل زنانه آرتمن مدل Bonita 2-42019,Artman Bonita 2-42019 Sandal For Women,"799,000",صندل زنانه آرتمن,https://www.digikala.com/product/dkp-3497786
صندل زنانه آرتمن مدل Joy-42063,Artman Joy-42063 Sandal For Women,"694,000",صندل زنانه آرتمن,https://www.digikala.com/product/dkp-3499407
کفش زنانه سینا کد 313 رنگ طوسی,,"160,550",,https://www.digikala.com/product/dkp-4614652
کفش زنانه ونوس مدل بهار کد03,,"155,000",,https://www.digikala.com/product/dkp-911325
کفش زنانه ونوس کد116,venos 116 Casual Shoes For Women,"183,350",,https://www.digikala.com/product/dkp-1076922
کفش زنانه آرتمن مدل Hofre 2-41912,Artman Hofre 2-41912 Casual For Women,"615,000",کفش تخت زنانه آرتمن,https://www.digikala.com/product/dkp-3497912
صندل زنانه آرتمن مدل Gilda-42218,Artman Gilda-42218 Sandal For Women,"827,000",صندل زنانه آرتمن,https://www.digikala.com/product/dkp-3499406
صندل زنانه آرتمن مدل Afsoon-41993,Artman Afsoon-41993 Sandal For Women,"853,000",صندل زنانه آرتمن,https://www.digikala.com/product/dkp-3493949
کفش زنانه ونوس کد 002,,"151,050",,https://www.digikala.com/product/dkp-998026
کفش زنانه مدل ۰۵,,"123,000",,https://www.digikala.com/product/dkp-4305823
صندل زنانه آرتمن مدل Afsoon-42036,Artman Afsoon-42036 Sandal For Women,"853,000",صندل زنانه آرتمن,https://www.digikala.com/product/dkp-3494352
کفش تخت زنانه ونوس مدل پونه,,"145,000",,https://www.digikala.com/product/dkp-912726
کفش زنانه بوهو مدل FZZ55746,,"1,950,000",کفش تخت زنانه بوهو,https://www.digikala.com/product/dkp-4560232
صندل زنانه آرتمن مدل Martha-42355-136,Artman Martha-42355-136 Sandals For Women,"750,000",صندل زنانه آرتمن,https://www.digikala.com/product/dkp-4409103
صندل زنانه آرتمن مدل Martha-42687-116,Artman Martha-42687-116 Sandals For Women,"750,000",صندل زنانه آرتمن,https://www.digikala.com/product/dkp-4404883
صندل زنانه آرتمن مدل twigg 2-42592-158,Artman twigg 2-42592-158 Sandals For Women,"897,000",صندل زنانه آرتمن,https://www.digikala.com/product/dkp-4405466
صندل زنانه نیکتا مدل LP-923,,"117,000",صندل زنانه نیکتا,https://www.digikala.com/product/dkp-673841
صندل زنانه شهپر مدل پرنیا کد 02,,"28,000",صندل زنانه شهپر,https://www.digikala.com/product/dkp-834116
صندل زنانه پاپا طرح حصیری کد 1575,,"43,000",,https://www.digikala.com/product/dkp-524465
کفش زنانه آرتمن مدل Hofre 2-41907,Artman Hofre 2-41907 Casual For Women,"615,000",کفش تخت زنانه آرتمن,https://www.digikala.com/product/dkp-3497911
کفش مخصوص دویدن زنانه نایکی مدل ایکس 14,,"995,000",کفش ورزشی زنانه نایکی,https://www.digikala.com/product/dkp-4470860
کفش زنانه مدل 111,,"180,000",,https://www.digikala.com/product/dkp-4468194
کفش مخصوص دویدن زنانه نایکی مدل ویپرمکس پلاس,,"1,160,000",کفش ورزشی زنانه نایکی,https://www.digikala.com/product/dkp-4557035
کفش زنانه ونوس مدل 003,,"160,550",,https://www.digikala.com/product/dkp-998044
کفش زنانه کد 349,,"205,000",,https://www.digikala.com/product/dkp-2548006
کفش زنانه ونوس کد 06,,"188,100",,https://www.digikala.com/product/dkp-919443
کفش زنانه روشن مدل نازنین کد 01,,"550,000",کفش تخت زنانه روشن,https://www.digikala.com/product/dkp-1098123
کفش زنانه تامز مدل rochet,,"820,000",کفش تخت زنانه تامز,https://www.digikala.com/product/dkp-4623052
کفش زنانه روشن مدل 0011 کد 01,,"560,000",کفش تخت زنانه روشن,https://www.digikala.com/product/dkp-1091850
کفش زنانه روشن مدل 10025 کد 01,,"560,000",کفش تخت زنانه روشن,https://www.digikala.com/product/dkp-1135439
کفش مخصوص دویدن زنانه نایکی مدل ایکس 14,,"1,045,000",کفش ورزشی زنانه نایکی,https://www.digikala.com/product/dkp-4470816
کفش زنانه بوهو مدل FZZ74043,,"2,500,000",کفش تخت زنانه بوهو,https://www.digikala.com/product/dkp-4560410
کفش مخصوص دویدن زنانه نایکی مدل ویپرمکس پلاس,,"1,165,000",کفش ورزشی زنانه نایکی,https://www.digikala.com/product/dkp-4554863
صندل زنانه کد 500 رنگ کرم,,"130,900",,https://www.digikala.com/product/dkp-2906262
کفش زنانه شهپر مدل رویا 109 کد 7187,,"87,000",کفش تخت زنانه شهپر,https://www.digikala.com/product/dkp-2877426
کفش زنانه طرح عروسکی کد 159011702,,"193,300",,https://www.digikala.com/product/dkp-675974
کفش زنانه آریوان مدل ARZ555 K,کفش طبی زنانه آریوان مدل ARZ555 K,"194,000",,https://www.digikala.com/product/dkp-630940
کفش زنانه پولاریس مدل 100225261-104,Polaris 100225261-104 Shoes For Women,"449,000",کفش تخت زنانه پولاریس,https://www.digikala.com/product/dkp-2140354
صندل زنانه کیتو کیت مدل بیتا کد 06,,"179,900",,https://www.digikala.com/product/dkp-3392402
کفش زنانه شیفر مدل 5127A-BL,Shifer 5127A-BL Flat Shoes For Woman,"431,000",کفش تخت زنانه شیفر,https://www.digikala.com/product/dkp-1481416
کفش زنانه مدل بیتا کد 7751,,"131,200",,https://www.digikala.com/product/dkp-3350088
کفش زنانه ونس مدل Camden Strip,,"779,000",کفش تخت زنانه ونس,https://www.digikala.com/product/dkp-1442178
کفش راحتی زنانه نهرین مدل پرستاری 1123,,"60,500",کفش تخت زنانه نهرین,https://www.digikala.com/product/dkp-404140
کفش زنانه لبتو مدل 1013-17,Lebto 1013-17 Shoes For Women,"104,000",کفش تخت زنانه لبتو,https://www.digikala.com/product/dkp-3184277
کفش زنانه چرم آرا مدل sh037 کد gh,,"545,000",کفش تخت زنانه چرم آرا,https://www.digikala.com/product/dkp-3505083
کفش زنانه کد 159012215,,"204,100",,https://www.digikala.com/product/dkp-1903014
کفش چرم زنانه آریوان مدل ARZ501M,Arivan ARZ501M   Shoe For Women,"148,000",,https://www.digikala.com/product/dkp-492041
کفش زنانه کد 17,,"73,500",,https://www.digikala.com/product/dkp-3469857
کفش زنانه پولاریس مدل 100244961-122,Polaris 100244961-122 Shoes For Women,"293,000",کفش تخت زنانه پولاریس,https://www.digikala.com/product/dkp-2140353
صندل زنانه کد 99174,,"220,000",,https://www.digikala.com/product/dkp-2990778
صندل زنانه کد 254,,"33,500",,https://www.digikala.com/product/dkp-3336715
صندل زنانه کد 99174,,"220,000",,https://www.digikala.com/product/dkp-2990796
دمپایی زنانه نسیم مدل سیما کد 4907,,"39,500",دمپایی زنانه نسیم,https://www.digikala.com/product/dkp-2186503
صندل زنانه کد 2059,,"288,000",,https://www.digikala.com/product/dkp-3179807
صندل زنانه پاپا مدل النا کد 025,,"68,000",,https://www.digikala.com/product/dkp-479046
صندل زنانه پارس سافت مدل 28008,,"68,600",,https://www.digikala.com/product/dkp-1734393
صندل زنانه نسیم مدل رویا کد 1821,,"37,500",صندل زنانه نسیم,https://www.digikala.com/product/dkp-559718
صندل زنانه کیتو کیت مدل بیتا کد 01,,"182,000",,https://www.digikala.com/product/dkp-3392408
صندل زنانه پارس سافت مدل 28009,,"68,600",,https://www.digikala.com/product/dkp-1734406
صندل زنانه مدل شهرزاد کد 03,,"68,000",,https://www.digikala.com/product/dkp-1609485
صندل زنانه شهپر مدل تیراژه 102 کد 03,,"85,000",صندل زنانه شهپر,https://www.digikala.com/product/dkp-1630389
صندل زنانه شهپر مدل پرنیا کد 07,,"29,500",,https://www.digikala.com/product/dkp-834142
دمپایی زنانه نسیم مدل S.N.58,,"38,900",دمپایی زنانه نسیم,https://www.digikala.com/product/dkp-2141327
صندل زنانه نسیم کد BK-6114,,"39,000",صندل زنانه نسیم,https://www.digikala.com/product/dkp-2403700
صندل زنانه کپری مدل  BCK11STT,,"250,000",,https://www.digikala.com/product/dkp-3182882
صندل زنانه مدل 71,,"298,000",,https://www.digikala.com/product/dkp-4472620
صندل زنانه مدل 99275,,"310,000",,https://www.digikala.com/product/dkp-4588022
صندل زنانه مدل پاپیون 8101,,"58,000",,https://www.digikala.com/product/dkp-4317123
صندل زنانه پارس سافت مدل 28012,,"68,600",,https://www.digikala.com/product/dkp-1734442
صندل زنانه بوهو مدل FZZ48750,,"2,200,000",صندل زنانه بوهو,https://www.digikala.com/product/dkp-4404466
صندل زنانه نیکتا مدل SLV.2240,,"113,000",صندل زنانه نیکتا,https://www.digikala.com/product/dkp-4419365
دمپایی زنانه نیکتا مدل d.ni.478,Nikta d.ni.478 Slippers For Women,"43,000",صندل زنانه نیکتا,https://www.digikala.com/product/dkp-340460
صندل زنانه نسیم مدل 1307,,"41,900",صندل زنانه نسیم,https://www.digikala.com/product/dkp-1846350
صندل زنانه مدل 304,,"150,000",,https://www.digikala.com/product/dkp-3776966
صندل زنانه نیکتا مدل GD.2240,,"113,000",صندل زنانه نیکتا,https://www.digikala.com/product/dkp-4419088
صندل زنانه نسیم مدل سیما کد 4906,,"38,500",صندل زنانه نسیم,https://www.digikala.com/product/dkp-2186500
کفش پیاده‌ روی مردانه آدیداس مدل Gazelle,,"1,000,000",کفش ورزشی مردانه آدیداس,https://www.digikala.com/product/dkp-3311562
کفش کشتی مردانه کد 2074,,"114,000",,https://www.digikala.com/product/dkp-2761739
کفش راحتی مردانه آدیداس مدل GAZELLE,,"1,200,000",کفش ورزشی مردانه آدیداس,https://www.digikala.com/product/dkp-4027551
کفش راحتی مردانه آدیداس مدل Gazelle,Adidas Gazelle Casual Shoes For Men,"1,400,000",کفش ورزشی مردانه آدیداس,https://www.digikala.com/product/dkp-210380
کفش ساحلی مردانه کد 0856,,"62,000",,https://www.digikala.com/product/dkp-1933885
کفش راحتی مردانه آدیداس مدل Gazelle کد AA6717,,"1,480,000",کفش ورزشی مردانه آدیداس,https://www.digikala.com/product/dkp-1860274
کفش راحتی مردانه آدیداس مدل GAZELLE,,"1,480,000",کفش ورزشی مردانه آدیداس,https://www.digikala.com/product/dkp-3815489
کفش مخصوص پیاده روی مردانه ریباک مدل EH1023,Reebok EH1023 Walking Shoes For Men,"1,899,000",کفش ورزشی مردانه ریباک,https://www.digikala.com/product/dkp-3290547
کفش پیاده روی مردانه ریباک مدل EF4157,Reebok EF4157 Walking Shoes For men,"4,288,000",کفش ورزشی مردانه ریباک,https://www.digikala.com/product/dkp-3463032
کفش پیاده روی مردانه ریباک مدل FW7784,Reebok FW7784 Walking Shoes For Men,"2,795,000",کفش ورزشی مردانه ریباک,https://www.digikala.com/product/dkp-3899487
کفش مخصوص دویدن مردانه مدل Zoom Pegasus Turbo,,"1,170,000",,https://www.digikala.com/product/dkp-1701914
کفش زنانه مدل 990224,,"360,000",,https://www.digikala.com/product/dkp-4590173
کفش روزمره مردانه چرم کن ا مدل P-515,,"1,020,000",کفش روزمره مردانه چرم کن ا,https://www.digikala.com/product/dkp-3825246
کفش زنانه مدل 143,,"331,500",,https://www.digikala.com/product/dkp-2569348
کفش زنانه مدل ماریا,,"368,000",,https://www.digikala.com/product/dkp-3690426
کفش زنانه ونوس مدل سیمین,,"152,000",,https://www.digikala.com/product/dkp-1600192
کفش زنانه مدل 401,,"351,000",,https://www.digikala.com/product/dkp-4524843
کفش زنانه مدل 110,,"340,000",,https://www.digikala.com/product/dkp-2558907
کفش زنانه مدل 121,,"356,400",,https://www.digikala.com/product/dkp-2547066
کفش زنانه مدل 125,,"362,700",,https://www.digikala.com/product/dkp-2670313
کفش زنانه مدل 142,,"369,000",,https://www.digikala.com/product/dkp-2533485
کفش زنانه مدل 123,,"333,000",,https://www.digikala.com/product/dkp-2604040
کفش زنانه مدل 116,,"369,000",,https://www.digikala.com/product/dkp-2604473
کفش زنانه مدل 502,,"374,000",,https://www.digikala.com/product/dkp-3470710
کفش زنانه مدل 118,,"378,000",,https://www.digikala.com/product/dkp-2583144
کفش زنانه مدل raziel145,,"360,000",,https://www.digikala.com/product/dkp-4520831
کفش زنانه مدل 120,,"357,000",,https://www.digikala.com/product/dkp-2547003
کفش مخصوص دویدن مردانه اسیکس مدل نیمبوس 21,,"1,120,000",کفش ورزشی مردانه اسیکس,https://www.digikala.com/product/dkp-4446808
کفش روزمره مردانه مدل NC 0470,,"485,000",,https://www.digikala.com/product/dkp-3681600
کفش روزمره مردانه مدل NC 0480,,"420,000",,https://www.digikala.com/product/dkp-3681645
کفش مخصوص دویدن مردانه اسیکس مدل نیمبوس 21,,"1,120,000",کفش ورزشی مردانه اسیکس,https://www.digikala.com/product/dkp-4442113
کفش مخصوص دویدن مردانه اسیکس مدل Gel-Sonoma 3 T724N,,"3,800,000",کفش ورزشی مردانه اسیکس,https://www.digikala.com/product/dkp-3994397
کفش زنانه دلفارد مدل 6394A500101,Delphard 6394A500101 Shoes For Women,"418,000",کفش پاشنه دار زنانه دلفارد,https://www.digikala.com/product/dkp-2754801
کفش زنانه ونوس مدل سحر کد 9 رنگ قهوه ای,,"163,000",,https://www.digikala.com/product/dkp-1532491
کفش زنانه ونوس مدل sahar رنگ مشکی,,"167,000",,https://www.digikala.com/product/dkp-1571793
کفش زنانه مدل 106,,"365,500",,https://www.digikala.com/product/dkp-2933352
کفش زنانه مدل 124,,"357,000",,https://www.digikala.com/product/dkp-2582920
کفش زنانه آرتمن مدل leroy-42723-116,Artman leroy-42723-116 Shoes For Women,"1,065,000",کفش پاشنه دار زنانه آرتمن,https://www.digikala.com/product/dkp-4405207
کفش زنانه کد 98,,"79,000",,https://www.digikala.com/product/dkp-3488089
کفش زنانه ونوس مدل شیما رنگ زرشکی,,"147,250",,https://www.digikala.com/product/dkp-1532469
کفش زنانه مدل 101,,"369,000",,https://www.digikala.com/product/dkp-2604440
کفش زنانه ونوس مدل مهتاب رنگ عسلی,,"166,000",,https://www.digikala.com/product/dkp-1538595
کفش زنانه ونوس مدل سحر رنگ مشکی,,"166,000",,https://www.digikala.com/product/dkp-1538611
کفش زنانه ونوس مدل شیوا کد 88,,"170,050",,https://www.digikala.com/product/dkp-2022773
کفش زنانه ونوس مدل مهتاب رنگ عسلی,,"159,000",,https://www.digikala.com/product/dkp-1534158
کفش زنانه ونوس مدل 115 رنگ زرشکی,,"182,400",,https://www.digikala.com/product/dkp-2851816
کفش زنانه آرتمن مدل Merry-41176,Artman Merry-41176 shoes For Women,"790,000",کفش پاشنه دار زنانه آرتمن,https://www.digikala.com/product/dkp-3499622
کفش زنانه ونوس کد 117,,"182,400",,https://www.digikala.com/product/dkp-1076963
کفش زنانه آرتمن مدل Hofre 1-41878,Artman Hofre 1-41878 shoes For Women,"590,000",کفش پاشنه دار زنانه آرتمن,https://www.digikala.com/product/dkp-3499730
کفش زنانه ونوس کد 08,,"166,250",,https://www.digikala.com/product/dkp-1066309
کفش زنانه آرتمن مدل LILLIAN-41953,Artman LILLIAN-41953 shoes For Women,"789,000",کفش پاشنه دار زنانه آرتمن,https://www.digikala.com/product/dkp-3499257
کفش زنانه ونوس مدل شیدا کد 396,,"169,100",,https://www.digikala.com/product/dkp-1998810
کفش زنانه آرتمن مدل Hofre 1-41896,Artman Hofre 1-41896 Shoes For Women,"590,000",کفش پاشنه دار زنانه آرتمن,https://www.digikala.com/product/dkp-3496489
کفش زنانه سینا مدل ستاره رنگ مشکی,,"172,900",,https://www.digikala.com/product/dkp-2875965
کفش زنانه سینا مدل پریا رنگ قهوای,,"171,000",,https://www.digikala.com/product/dkp-2715643
کفش زنانه مدل 147,,"420,000",,https://www.digikala.com/product/dkp-4642189
کفش زنانه کد 97600,,"170,000",,https://www.digikala.com/product/dkp-2874762
کفش زنانه مدل شیما رنگ عسلی,,"160,550",,https://www.digikala.com/product/dkp-1564212
کفش زنانه آرتمن مدل leroy-43465-177,Artman leroy-43465-177 Shoes For Women,"1,065,000",کفش پاشنه دار زنانه آرتمن,https://www.digikala.com/product/dkp-4405350
کفش زنانه کد 554,,"289,000",,https://www.digikala.com/product/dkp-3399205
کفش زنانه کد 99232,,"680,000",,https://www.digikala.com/product/dkp-4252049
کفش زنانه آرتمن مدل leroy-43247-136,Artman  leroy-43247-136 Shoes For Women,"1,065,000",کفش پاشنه دار زنانه آرتمن,https://www.digikala.com/product/dkp-4405206
کفش زنانه کد 98306,,"190,000",,https://www.digikala.com/product/dkp-2970732
کفش زنانه کد BK-2645,,"132,000",,https://www.digikala.com/product/dkp-2119428
کفش زنانه مدل sahar رنگ عسلی,,"162,000",,https://www.digikala.com/product/dkp-1571771
کفش زنانه کد 99173,,"450,000",,https://www.digikala.com/product/dkp-4174613
کفش زنانه آرتمن مدل Elvis 1-42205,Artman Elvis 1-42205 shoes For Women,"845,000",کفش پاشنه دار زنانه آرتمن,https://www.digikala.com/product/dkp-3499632
کفش زنانه آرتمن مدل leroy-42694-158,Artman leroy-42694-158 Shoes For Women,"1,065,000",کفش پاشنه دار زنانه آرتمن,https://www.digikala.com/product/dkp-4404981
کفش زنانه آرتمن مدل Merry-41168,Artman Merry-41168 Shoes For Women,"790,000",کفش پاشنه دار زنانه آرتمن,https://www.digikala.com/product/dkp-3498579
کفش زنانه آرتمن مدل leroy-42716-1,Artman leroy-42716-1 Shoes For Women,"1,065,000",کفش پاشنه دار زنانه آرتمن,https://www.digikala.com/product/dkp-4405046
کفش زنانه آرتمن مدل LILLIAN-41968,Artman LILLIAN-41968 shoes For Women,"789,000",کفش پاشنه دار زنانه آرتمن,https://www.digikala.com/product/dkp-3499259
کفش زنانه آرتمن مدل LILLIAN-41928,Artman LILLIAN-41928 shoes For Women,"789,000",کفش پاشنه دار زنانه آرتمن,https://www.digikala.com/product/dkp-3499256
کفش زنانه آرتمن مدل twigg 2-42434-199,Artman twigg 2-42434-199 Shoes For Women,"895,000",کفش پاشنه دار زنانه آرتمن,https://www.digikala.com/product/dkp-4405224
کفش زنانه آرتمن مدل Merry-41183,Artman Merry-41183 Shoes For Women,"790,000",کفش پاشنه دار زنانه آرتمن,https://www.digikala.com/product/dkp-3494066
کفش زنانه آرتمن مدل Amanda 2-41972,Artman Amanda 2-41972 shoes For Women,"789,000",کفش پاشنه دار زنانه آرتمن,https://www.digikala.com/product/dkp-3499357
کفش زنانه ملی کد 24490621,,"183,200",کفش پاشنه دار زنانه کفش ملی,https://www.digikala.com/product/dkp-3814699
کفش زنانه مدل 321,,"74,500",,https://www.digikala.com/product/dkp-4102229
کفش زنانه کد 99232,,"680,000",,https://www.digikala.com/product/dkp-4252040
کفش زنانه کد 99173,,"450,000",,https://www.digikala.com/product/dkp-4174616
کفش زنانه هوگل مدل 5-107820-7599,Hogl 5-107820-7599 Shoes For Women,"3,472,000",کفش پاشنه دار زنانه هوگل,https://www.digikala.com/product/dkp-2401674
کفش زنانه روشن کد 01-4085,,"490,000",کفش پاشنه دار زنانه روشن,https://www.digikala.com/product/dkp-3201375
کفش زنانه هوگل مدل 5-105510-7599,Hogl 5-105510-7599 Shoes For Women mr47,"5,130,000",کفش پاشنه دار زنانه هوگل,https://www.digikala.com/product/dkp-2401725
کفش زنانه روشن مدل پیتون کد 22,,"520,000",کفش پاشنه دار زنانه روشن,https://www.digikala.com/product/dkp-3585119
کفش زنانه مدل A620,,"190,000",,https://www.digikala.com/product/dkp-2676892
کفش زنانه روشن کد 97406,,"620,000",کفش پاشنه دار زنانه روشن,https://www.digikala.com/product/dkp-3554156
کفش زنانه دلفارد مدل DL5124A500-104,Delphard DL5124A500-104 Shoes For Women,"394,000",کفش پاشنه دار زنانه دلفارد,https://www.digikala.com/product/dkp-1827842
کفش زنانه کد 7884,,"75,900",,https://www.digikala.com/product/dkp-3434863
کفش زنانه هوگل مدل 5-105507-1000,Hogl 5-105507-1000 Shoes For Women,"4,620,000",کفش پاشنه دار زنانه هوگل,https://www.digikala.com/product/dkp-2401448
کفش زنانه ملی کد 24490589,,"185,600",کفش پاشنه دار زنانه کفش ملی,https://www.digikala.com/product/dkp-3814700
کفش زنانه گابور مدل 05.310.37,Gabor 05.310.37 Shoes For Women,"2,835,000",کفش پاشنه دار زنانه گابور,https://www.digikala.com/product/dkp-2219688
کفش زنانه کد 61,,"89,500",,https://www.digikala.com/product/dkp-3470064
کفش زنانه هوگل مدل 5-108008-9900,Hogl 5-108008-9900 Shoes For Women,"4,890,000",کفش پاشنه دار زنانه هوگل,https://www.digikala.com/product/dkp-2401506
کفش زنانه لبتو مدل 505399,Lebto 505399 Shoes For Women,"242,000",کفش پاشنه دار زنانه لبتو,https://www.digikala.com/product/dkp-4194813
کفش زنانه دلفارد مدل 6421A500101,Delphard 6421A500101 Shoes For Women,"418,000",کفش پاشنه دار زنانه دلفارد,https://www.digikala.com/product/dkp-2755160
کفش زنانه بوتیگو مدل 100229543-103,Butigo 100229543-103 Shoes For Women,"299,000",کفش پاشنه دار زنانه بوتیگو,https://www.digikala.com/product/dkp-2140478
کفش زنانه هوگل مدل 5-105510-4799,Hogl 5-105510-4799 Shoes For Women mr45,"3,150,000",کفش پاشنه دار زنانه هوگل,https://www.digikala.com/product/dkp-2401735
کفش زنانه هوگل مدل 4-109001-7000,Hogl 4-109001-7000 Shoes For Women,"4,750,000",کفش پاشنه دار زنانه هوگل,https://www.digikala.com/product/dkp-2401534
کفش زنانه روشن مدل 97406,,"620,000",کفش پاشنه دار زنانه روشن,https://www.digikala.com/product/dkp-3554151
کفش زنانه روشن کد 98114,,"610,000",کفش پاشنه دار زنانه روشن,https://www.digikala.com/product/dkp-3730113
کفش زنانه روشن مدل 565 کد 01,,"520,000",کفش پاشنه دار زنانه روشن,https://www.digikala.com/product/dkp-1108919
کفش زنانه روشن کد 9944,,"670,000",کفش پاشنه دار زنانه روشن,https://www.digikala.com/product/dkp-3693668
کفش زنانه روشن کد 9872,,"610,000",کفش پاشنه دار زنانه روشن,https://www.digikala.com/product/dkp-3554199
کفش زنانه روشن کد 9939,,"620,000",کفش پاشنه دار زنانه روشن,https://www.digikala.com/product/dkp-3554178
کفش زنانه روشن کد 01-7050,,"503,500",کفش پاشنه دار زنانه روشن,https://www.digikala.com/product/dkp-3259782
کفش زنانه ونوس مدل سیمین  رنگ قهوه ای,,"141,550",,https://www.digikala.com/product/dkp-1600271
کفش زنانه ونوس مدل سیمین عسلی,,"149,000",,https://www.digikala.com/product/dkp-1615037
کفش زنانه کد 14,,"99,500",,https://www.digikala.com/product/dkp-3486526
کفش زنانه ونوس مدل سیمین رنگ کرمی,,"151,050",,https://www.digikala.com/product/dkp-1600291
کفش مخصوص دویدن مردانه مدل GEL-NIMBUS 21 کد 1011A169-003,,"1,950,000",,https://www.digikala.com/product/dkp-2031394
کفش زنانه مدل 109,,"374,000",,https://www.digikala.com/product/dkp-2535022
کفش روزمره مردانه چرم آرا مدل sh019 کد k,,"515,000",کفش روزمره مردانه چرم آرا,https://www.digikala.com/product/dkp-3108174
کفش زنانه روشن مدل 22-4085,,"492,900",کفش پاشنه دار زنانه روشن,https://www.digikala.com/product/dkp-3196522
کفش زنانه مدل 990220,,"360,000",,https://www.digikala.com/product/dkp-4590122
کفش زنانه ونوس مدل سیمین رنگ عسلی,,"159,000",,https://www.digikala.com/product/dkp-1600149
کفش مخصوص دویدن مردانه آدیداس مدل Alphabounce Instinct کد 458901,,"2,800,000",کفش ورزشی مردانه آدیداس,https://www.digikala.com/product/dkp-2115470
کفش مخصوص دویدن مردانه مدل GEL-KAYANO 23 کد T646N-9030,Asics GEL-KAYANO 23  T646N-9030  Men Running Shoes,"2,600,000",,https://www.digikala.com/product/dkp-412552
کفش روزمره مردانه آذر پلاس مدل 4401B503101,Azar Plus 4401B503101 Casual Shoes For Men,"508,000",کفش روزمره مردانه آذر پلاس,https://www.digikala.com/product/dkp-3007738
کفش روزمره مردانه آذر پلاس مدل 4401A503101,Azar Plus 4401A503101 Casual Shoes For Men,"635,000",کفش روزمره مردانه آذر پلاس,https://www.digikala.com/product/dkp-3008091
کفش مخصوص دویدن مردانه اسیکس مدل  kayano کد 9876-9765,,"2,400,000",کفش ورزشی مردانه اسیکس,https://www.digikala.com/product/dkp-2432490
کفش ساحلی مردانه نسیم مدل کلمبیا کد G210,,"54,000",کفش ورزشی مردانه نسیم,https://www.digikala.com/product/dkp-1699643
کفش روزمره مردانه پولاریس مدل 100296904-103,Polaris 100296904-103 Casual Shoes For Men,"797,000",کفش روزمره مردانه پولاریس,https://www.digikala.com/product/dkp-2133743
کفش کوهنوردی مردانه 5:11 کد K1 رنگ مشکی,,"590,000",,https://www.digikala.com/product/dkp-1917326
کفش مخصوص دویدن مردانه نیو بالانس کد ME420B1,New Balance ME420B1 Running Shoes For Men,"2,150,000",کفش ورزشی مردانه نیو بالانس,https://www.digikala.com/product/dkp-2187407
کفش کوهنوردی مردانه  سالیوا کد EM-5478,,"1,770,000",کفش ورزشی مردانه سالیوا,https://www.digikala.com/product/dkp-2466025
کفش روزمره مردانه ریمکس مدل 7327A503101,Remax 7327A503101 Casual Shoes For Men,"615,000",کفش روزمره مردانه ریمکس,https://www.digikala.com/product/dkp-2745669
کفش طبیعت گردی مردانه سالومون مدل Xultra3,,"1,500,000",کفش ورزشی مردانه سالومون,https://www.digikala.com/product/dkp-4218078
کفش روزمره مردانه ریمکس مدل 7377A503101,Remax 7377A503101 Casual Shoes For Men,"439,000",کفش روزمره مردانه ریمکس,https://www.digikala.com/product/dkp-2745951
کفش روزمره مردانه بلوط مدل BT7114C-104,Baloot BT7114C-104 Casual Shoes For Men,"356,000",کفش روزمره مردانه بلوط,https://www.digikala.com/product/dkp-1833545
کفش روزمره مردانه دلفارد مدل 8334A503101,Delphard 8334A503101 Casual Shoes For Men,"645,000",کفش روزمره مردانه دلفارد,https://www.digikala.com/product/dkp-2754937
کفش روزمره مردانه دلفارد مدل 8374A503104,Delphard 8374A503104 Casual Shoes For Men,"628,000",کفش روزمره مردانه دلفارد,https://www.digikala.com/product/dkp-2754729
کفش والیبال مردانه مدل GEL-VOLLEY ELITE 3 MT کد B501N-5001,Asics GEL- VOLLEY ELITE  3 MT B501N-5001 Men Volleyball Shoes,"2,250,000",,https://www.digikala.com/product/dkp-406641
کفش روزمره مردانه بلوط مدل 7266C503101,Baloot 7266C503101 Casual Shoes For Men,"490,000",کفش روزمره مردانه بلوط,https://www.digikala.com/product/dkp-2735193
کفش مخصوص دویدن مردانه آدیداس مدل Falcon W,,"1,600,000",کفش ورزشی مردانه آدیداس,https://www.digikala.com/product/dkp-1965540
کفش روزمره مردانه دلفارد مدل 8336A503101,Delphard 8336A503101 Casual Shoes For Men,"418,000",کفش روزمره مردانه دلفارد,https://www.digikala.com/product/dkp-2755023
کفش روزمره مردانه آذر پلاس مدل 9438B503101,Azar Plus 9438B503101 Casual Shoes For Men,"508,000",کفش روزمره مردانه آذر پلاس,https://www.digikala.com/product/dkp-2811684
کفش روزمره مردانه بلوط مدل 7266B503104,Baloot 7266B503104 Casual Shoes For Men,"492,000",کفش روزمره مردانه بلوط,https://www.digikala.com/product/dkp-2734352
کفش روزمره مردانه ریمکس مدل 7264A503101,Remax 7264A503101 Casual Shoes For Men,"502,500",کفش روزمره مردانه ریمکس,https://www.digikala.com/product/dkp-2746026
کفش روزمره مردانه آذر پلاس مدل 9438B503104,Azar Plus 9438B503104 Casual Shoes For Men,"508,000",کفش روزمره مردانه آذر پلاس,https://www.digikala.com/product/dkp-2811685
کفش مخصوص دویدن مردانه مدل GEL-KAYANO 25 کد 1011A019-003,,"2,400,000",,https://www.digikala.com/product/dkp-2031161
کفش مخصوص پیاده روی مردانه پرفکت استپس مدل نیو آرمیس کد BK-1990,,"435,000",کفش ورزشی مردانه پرفکت استپس,https://www.digikala.com/product/dkp-2439961
کفش پیاده روی مردانه نیو بالانس مدل FRESH FOAM,,"1,800,000",کفش ورزشی مردانه نیو بالانس,https://www.digikala.com/product/dkp-4367332
کفش مخصوص پیاده روی مردانه پرفکت استپس مدل اسپرتیف رنگ مشکی,,"128,000",کفش ورزشی مردانه پرفکت استپس,https://www.digikala.com/product/dkp-2773334
کفش روزمره مردانه ریمکس مدل RS7092L-104,Remax RS7092L-104 Casual Shoes For Men,"415,000",کفش روزمره مردانه ریمکس,https://www.digikala.com/product/dkp-1827574
کفش روزمره مردانه شیفر مدل 7046N503101,Shifer 7046N503101 Casual Shoes For Men,"449,000",کفش روزمره مردانه شیفر,https://www.digikala.com/product/dkp-3008371
کفش روزمره مردانه ریمکس مدل 7157M503101,Remax 7157M503101 Casual Shoes For Men,"445,000",کفش روزمره مردانه ریمکس,https://www.digikala.com/product/dkp-2745609
کفش روزمره مردانه شیفر مدل 7216B-104,Shifer 7216B-104 Casual Shoes For Men,"470,000",کفش روزمره مردانه شیفر,https://www.digikala.com/product/dkp-1918115
کفش روزمره مردانه دلفارد مدل 8327B503101,Delphard 8327B503101 Casual Shoes For Men,"418,000",کفش روزمره مردانه دلفارد,https://www.digikala.com/product/dkp-2754994
کفش روزمره مردانه ریمکس مدل 7333B503101,Remax 7333B503101 Casual Shoes For Men,"599,000",کفش روزمره مردانه ریمکس,https://www.digikala.com/product/dkp-2745636
کفش پیاده روی مردانه آلبرتینی مدل میلان کد 7964,,"245,000",کفش ورزشی مردانه آلبرتینی,https://www.digikala.com/product/dkp-3623974
کفش کوهنوردی مردانه  مدل X-ultra3,---,"1,620,000",,https://www.digikala.com/product/dkp-3402997
کفش طبیعت گردی مردانه سارزی مدل hilas_M.e.s-gh.r.m.z_02,,"169,000",کفش ورزشی مردانه سارزی,https://www.digikala.com/product/dkp-3780790
کفش پیاده روی مردانه اسکچرز مدل گووالک رنگ مشکی,,"253,900",,https://www.digikala.com/product/dkp-3765163
کفش مخصوص دویدن مردانه اسیکس مدل نیمبوس 21 رنگ مشکی,,"1,120,000",کفش ورزشی مردانه اسیکس,https://www.digikala.com/product/dkp-4436248
کفش مخصوص پیاده روی مردانه مدل Dharma BB,,"89,000",,https://www.digikala.com/product/dkp-1580249
کفش مخصوص پیاده روی مردانه مدل Dharma Black,,"125,000",,https://www.digikala.com/product/dkp-1571751
کفش مخصوص پیاده روی  مردانه مدل gowalk6,,"198,500",,https://www.digikala.com/product/dkp-2784920
کفش مخصوص پیاده روی مردانه مدل k.bs.156,,"59,000",,https://www.digikala.com/product/dkp-2896565
کفش روزمره مردانه رادین کد 1986-3,Radin 1986-3 Casual Shoes For Men,"499,000",کفش روزمره مردانه رادین,https://www.digikala.com/product/dkp-1822132
کفش روزمره مردانه مدل CREPETRAY SKO-TO,,"624,000",,https://www.digikala.com/product/dkp-1867904
کفش روزمره مردانه مدل 324007002,,"176,000",,https://www.digikala.com/product/dkp-3976912
کفش روزمره مردانه مدل رهاورد کد 5513,,"187,000",,https://www.digikala.com/product/dkp-2242822
کفش روزمره مردانه کد m292m,,"81,000",,https://www.digikala.com/product/dkp-2777397
کفش روزمره مردانه مدل k.baz.075,,"85,500",,https://www.digikala.com/product/dkp-2882298
کفش روزمره مردانه رادین کد 48sh-3,,"489,000",کفش روزمره مردانه رادین,https://www.digikala.com/product/dkp-2277347
کفش مخصوص پیاده روی مردانه پرفکت استپس مدل گو والک رنگ مشکی,,"253,000",کفش ورزشی مردانه پرفکت استپس,https://www.digikala.com/product/dkp-2543336
کفش روزمره مردانه کفش فرزین مدل CL199,,"379,000",کفش روزمره مردانه کفش فرزین,https://www.digikala.com/product/dkp-1524094
کفش روزمره مردانه مدل الیور کد 7463,,"178,000",,https://www.digikala.com/product/dkp-3062110
کفش روزمره مردانه کد NG M 2018,,"98,000",,https://www.digikala.com/product/dkp-2204655
کفش فوتسال مردانه مدل MAX1,,"263,000",,https://www.digikala.com/product/dkp-1842793
کفش روزمره مردانه مدل مهاجر m114m,,"91,350",,https://www.digikala.com/product/dkp-865685
کفش مخصوص پیاده روی مردانه کد 001,,"117,000",,https://www.digikala.com/product/dkp-3212701
کفش مخصوص پیاده روی مردانه کد adiza001,,"137,000",,https://www.digikala.com/product/dkp-1974391
کفش مخصوص پیاده روی مردانه کد a.s.k._SeF,,"149,000",,https://www.digikala.com/product/dkp-2908608
کفش مخصوص پیاده روی مردانه کد 3011,,"125,000",,https://www.digikala.com/product/dkp-1969413
کفش مخصوص پیاده روی مردانه مدل adi-super رنگ طوسی,,"119,000",,https://www.digikala.com/product/dkp-1696173
کفش مخصوص پیاده روی مردانه کد 9610,,"115,000",,https://www.digikala.com/product/dkp-1844068
کفش روزمره مردانه مدل FR8,,"298,000",,https://www.digikala.com/product/dkp-4716677
کفش روزمره مردانه مدل DS2,,"198,000",,https://www.digikala.com/product/dkp-3988424
کفش روزمره مردانه مدل 324007202,,"158,400",,https://www.digikala.com/product/dkp-3977277
کفش مخصوص دویدن مردانه مدل 27ِ.D.r.j.e,,"139,000",,https://www.digikala.com/product/dkp-1018192
کفش روزمره مردانه جاس مدل 35101-Savana Disco Vit Marr,Joss 35101-Savana Disco Vit Marr Casual Shoes For Men,"4,980,000",کفش روزمره مردانه جاس,https://www.digikala.com/product/dkp-2547209
کفش روزمره مردانه مدل الیور کد 7328,,"200,000",,https://www.digikala.com/product/dkp-2986690
کفش روزمره مردانه ریمکس مدل 7376A503104,Remax 7376A503104 Casual Shoes For Men,"539,000",کفش روزمره مردانه ریمکس,https://www.digikala.com/product/dkp-2745997
کفش روزمره مردانه مدل NT4,,"217,000",,https://www.digikala.com/product/dkp-3754014
کفش روزمره مردانه ریمکس مدل 7368B503101,Remax 7368B503101 Casual Shoes For Men,"497,000",کفش روزمره مردانه ریمکس,https://www.digikala.com/product/dkp-2745692
کفش روزمره مردانه مدل آنتونی کد 2020-BR,,"339,000",,https://www.digikala.com/product/dkp-3558628
کفش روزمره مردانه کد m275m,,"183,300",,https://www.digikala.com/product/dkp-2368289
کفش روزمره مردانه دلفارد مدل 8375A503101,Delphard 8375A503101 Casual Shoes For Men,"492,000",کفش روزمره مردانه دلفارد,https://www.digikala.com/product/dkp-2755985
کفش روزمره مردانه آذر پلاس مدل 9438A503101,Azar Plus 9438A503101 Casual Shoes For Men,"482,600",کفش روزمره مردانه آذر پلاس,https://www.digikala.com/product/dkp-2811649
کفش روزمره مردانه دلفارد مدل 8327B503104,Delphard 8327B503104 Casual Shoes For Men,"476,000",کفش روزمره مردانه دلفارد,https://www.digikala.com/product/dkp-2754751
کفش روزمره مردانه مدل CABANI-KOT-AS,,"745,000",,https://www.digikala.com/product/dkp-2455919
کفش مخصوص پیاده روی مردانه  کد 1003,,"400,000",,https://www.digikala.com/product/dkp-2050909
کفش روزمره مردانه دلفارد مدل 8327A503101,Delphard 8327A503101 Casual Shoes For Men,"516,000",کفش روزمره مردانه دلفارد,https://www.digikala.com/product/dkp-2754967
کفش روزمره مردانه رادین مدل ۶۵۲۱,,"520,000",کفش روزمره مردانه رادین,https://www.digikala.com/product/dkp-2782867
کفش روزمره مردانه رادین مدل 4731,,"520,000",کفش روزمره مردانه رادین,https://www.digikala.com/product/dkp-3644580
کفش روزمره مردانه رادین مدل 5731,,"520,000",کفش روزمره مردانه رادین,https://www.digikala.com/product/dkp-3647928
کفش روزمره مردانه رادین کد 47sh-1,,"489,000",کفش روزمره مردانه رادین,https://www.digikala.com/product/dkp-2277250
کفش روزمره مردانه رادین مدل 5734,,"520,000",کفش روزمره مردانه رادین,https://www.digikala.com/product/dkp-3644693
کفش روزمره مردانه مدل FR2,,"248,000",,https://www.digikala.com/product/dkp-3511897
کفش روزمره مردانه رادین مدل 7611,,"510,000",کفش روزمره مردانه رادین,https://www.digikala.com/product/dkp-3691882
کفش روزمره مردانه رادین مدل ۵۱۳۴,,"520,000",کفش روزمره مردانه رادین,https://www.digikala.com/product/dkp-2766672
کفش روزمره مردانه رادین مدل ۴۷۲۲,,"499,000",کفش روزمره مردانه رادین,https://www.digikala.com/product/dkp-2766124
کفش روزمره مردانه کد G3Hrs,,"127,500",,https://www.digikala.com/product/dkp-2489424
کفش روزمره مردانه رادین کد 48sh-2,,"489,000",کفش روزمره مردانه رادین,https://www.digikala.com/product/dkp-2277328
کفش روزمره مردانه رادین مدل 1435,,"540,000",کفش روزمره مردانه رادین,https://www.digikala.com/product/dkp-3639475
کفش روزمره مردانه رادین مدل ۶۵۲۳,,"520,000",کفش روزمره مردانه رادین,https://www.digikala.com/product/dkp-2782849
کفش روزمره مردانه کد JOR05,,"200,000",,https://www.digikala.com/product/dkp-3968783
کفش روزمره مردانه  کد 324000114,,"145,100",,https://www.digikala.com/product/dkp-891165
کفش روزمره مردانه کد 324000135,,"183,000",,https://www.digikala.com/product/dkp-2278538
کفش روزمره مردانه مدل k.baz.074,,"69,000",,https://www.digikala.com/product/dkp-2882297
کفش روزمره مردانه فرزین مدل 6011,,"510,000",کفش روزمره مردانه کفش فرزین,https://www.digikala.com/product/dkp-3940950
کفش روزمره مردانه شیفر مدل 7046L503101,Shifer 7046L503101 Casual Shoes For Men,"401,000",کفش روزمره مردانه شیفر,https://www.digikala.com/product/dkp-2394836
کفش راحتی مردانه مدل M001,,"135,000",,https://www.digikala.com/product/dkp-4220564
کفش روزمره مردانه مدل 324007009,,"195,000",,https://www.digikala.com/product/dkp-3976949
کفش روزمره مردانه مدل NGM greder GH,,"80,000",,https://www.digikala.com/product/dkp-2396557
